BRONX,10451
NEW YORK,10001
FISHERS ISLAND,6390
ACCORD,12404
ACRA,12405
AMAWALK,10501
AMENIA,12501
ANCRAM,12502
ANCRAMDALE,12503
ARDSLEY,10502
ARDSLEY ON HUDSON,10503
ARKVILLE,12406
ARMONK,10504
ASHLAND,12407
BALDWIN PLACE,10505
BANGALL,12506
BARRYVILLE,12719
BEACON,12508
BEAR MOUNTAIN,10911
BEARSVILLE,12409
BEDFORD,10506
BEDFORD HILLS,10507
BELLVALE,10912
BETHEL,12720
BIG INDIAN,12410
BILLINGS,12510
BLAUVELT,10913
BLOOMINGBURG,12721
BLOOMING GROVE,10914
BLOOMINGTON,12411
BOICEVILLE,12412
BREWSTER,10509
BRIARCLIFF MANOR,10510
BUCHANAN,10511
BULLVILLE,10915
BURLINGHAM,12722
CAIRO,12413
PURLING,12470
CALLICOON,12723
CALLICOON CENTER,12724
CAMPBELL HALL,10916
CARMEL,10512
CASTLE POINT,12511
CATSKILL,12414
CENTRAL VALLEY,10917
CHAPPAQUA,10514
CHELSEA,12512
CHESTER,10918
CHICHESTER,12416
CIRCLEVILLE,10919
CLARYVILLE,12725
CLAVERACK,12513
CLINTON CORNERS,12514
CLINTONDALE,12515
COCHECTON,12726
COCHECTON CENTER,12727
COLD SPRING,10516
CONGERS,10920
CONNELLY,12417
COPAKE,12516
COPAKE FALLS,12517
CORNWALL,12518
CORNWALL ON HUDSON,12520
CORNWALLVILLE,12418
COTTEKILL,12419
CRAGSMOOR,12420
CRARYVILLE,12521
CROMPOND,10517
CROSS RIVER,10518
CROTON FALLS,10519
CROTON ON HUDSON,10520
CUDDEBACKVILLE,12729
DENVER,12421
DOBBS FERRY,10522
DOVER PLAINS,12522
EAST DURHAM,12423
ELDRED,12732
ELIZAVILLE,12523
ELKA PARK,12427
ELLENVILLE,12428
ELMSFORD,10523
ESOPUS,12429
FALLSBURG,12733
FERNDALE,12734
FISHKILL,12524
FLEISCHMANNS,12430
FLORIDA,10921
FORT MONTGOMERY,10922
FREEHOLD,12431
FREMONT CENTER,12736
GARDINER,12525
GARNERVILLE,10923
GARRISON,10524
GERMANTOWN,12526
GLASCO,12432
GLENFORD,12433
GLENHAM,12527
GLEN SPEY,12737
GLEN WILD,12738
GOLDENS BRIDGE,10526
GOSHEN,10924
GRAHAMSVILLE,12740
GRAND GORGE,12434
GRANITE SPRINGS,10527
GREENFIELD PARK,12435
GREENWOOD LAKE,10925
HAINES FALLS,12436
HALCOTTSVILLE,12438
HANKINS,12741
HARRIMAN,10926
HARRIS,12742
HARRISON,10528
HARTSDALE,10530
HAVERSTRAW,10927
HAWTHORNE,10532
HENSONVILLE,12439
HIGH FALLS,12440
HIGHLAND,12528
HIGHLAND FALLS,10928
HIGHLAND LAKE,12743
HIGHLAND MILLS,10930
HIGHMOUNT,12441
HILLBURN,10931
HILLSDALE,12529
HOLLOWVILLE,12530
HOLMES,12531
HOPEWELL JUNCTION,12533
HORTONVILLE,12745
HOWELLS,10932
HUDSON,12534
HUGHSONVILLE,12537
HUGUENOT,12746
HUNTER,12442
HURLEY,12443
HURLEYVILLE,12747
HYDE PARK,12538
IRVINGTON,10533
JEFFERSON VALLEY,10535
JEFFERSONVILLE,12748
JEWETT,12444
JOHNSON,10933
KATONAH,10536
KAUNEONGA LAKE,12749
KENOZA LAKE,12750
KERHONKSON,12446
KIAMESHA LAKE,12751
KINGSTON,12401
LAGRANGEVILLE,12540
LAKE HILL,12448
LAKE HUNTINGTON,12752
LAKE KATRINE,12449
LAKE PEEKSKILL,10537
LANESVILLE,12450
LARCHMONT,10538
LEEDS,12451
LEXINGTON,12452
LIBERTY,12754
LINCOLNDALE,10540
LIVINGSTON,12541
LIVINGSTON MANOR,12758
LOCH SHELDRAKE,12759
LONG EDDY,12760
MAHOPAC,10541
MAHOPAC FALLS,10542
MALDEN ON HUDSON,12453
MAMARONECK,10543
MAPLECREST,12454
MARGARETVILLE,12455
MARLBORO,12542
MARYKNOLL,10545
MAYBROOK,12543
MELLENVILLE,12544
MIDDLETOWN,10940
NEWBURGH,12555
MILLBROOK,12545
MILLERTON,12546
MILLWOOD,10546
MILTON,12547
MODENA,12548
MOHEGAN LAKE,10547
MONGAUP VALLEY,12762
MONROE,10949
MONSEY,10952
MONTGOMERY,12549
MONTICELLO,12701
FORESTBURGH,12777
MONTROSE,10548
MOUNTAIN DALE,12763
MOUNTAINVILLE,10953
MOUNT KISCO,10549
MOUNT MARION,12456
MOUNT TREMPER,12457
MOUNT VERNON,10550
NANUET,10954
NAPANOCH,12458
NARROWSBURG,12764
NEVERSINK,12765
NEW WINDSOR,12553
NEW CITY,10956
NEW HAMPTON,10958
NEW KINGSTON,12459
NEW MILFORD,10959
NEW PALTZ,12561
NEW ROCHELLE,10801
PELHAM,10803
NORTH BRANCH,12766
NORTH SALEM,10560
NYACK,10960
DURHAM,12422
OAK HILL,12460
OBERNBURG,12767
OLIVEBRIDGE,12461
ORANGEBURG,10962
OSSINING,10562
OTISVILLE,10963
PALENVILLE,12463
PALISADES,10964
PARKSVILLE,12768
PATTERSON,12563
PAWLING,12564
PEARL RIVER,10965
PEEKSKILL,10566
CORTLANDT MANOR,10567
PHILLIPSPORT,12769
PHILMONT,12565
PHOENICIA,12464
PIERMONT,10968
PINE BUSH,12566
PINE HILL,12465
PINE ISLAND,10969
PINE PLAINS,12567
PLATTEKILL,12568
PLEASANT VALLEY,12569
PLEASANTVILLE,10570
POMONA,10970
POND EDDY,12770
PORT CHESTER,10573
PORT EWEN,12466
PORT JERVIS,12771
WESTBROOKVILLE,12785
POUGHKEEPSIE,12601
POUGHQUAG,12570
POUND RIDGE,10576
PRATTSVILLE,12468
PRESTON HOLLOW,12469
PURCHASE,10577
PURDYS,10578
PUTNAM VALLEY,10579
ANNANDALE ON HUDSON,12504
BARRYTOWN,12507
RED HOOK,12571
RHINEBECK,12572
RHINECLIFF,12574
RIFTON,12471
ROCK HILL,12775
ROCK TAVERN,12575
ROSCOE,12776
ROSENDALE,12472
ROUND TOP,12473
ROXBURY,12474
RUBY,12475
RYE,10580
SALISBURY MILLS,12577
SALT POINT,12578
SAUGERTIES,12477
SCARSDALE,10583
SHANDAKEN,12480
SHENOROCK,10587
SHOKAN,12481
SHRUB OAK,10588
SLATE HILL,10973
SLOATSBURG,10974
SMALLWOOD,12778
SOMERS,10589
SOUTH CAIRO,12482
SOUTH FALLSBURG,12779
ARDEN,10910
SOUTHFIELDS,10975
SOUTH SALEM,10590
SPARKILL,10976
SPARROW BUSH,12780
SPRING GLEN,12483
SPRING VALLEY,10977
STAATSBURG,12580
STANFORDVILLE,12581
STERLING FOREST,10979
STONE RIDGE,12484
STONY POINT,10980
STORMVILLE,12582
SUFFERN,10901
SUGAR LOAF,10981
SUMMITVILLE,12781
SWAN LAKE,12783
TALLMAN,10982
EAST JEWETT,12424
TANNERSVILLE,12485
TAPPAN,10983
TARRYTOWN,10591
THIELLS,10984
THOMPSON RIDGE,10985
THOMPSONVILLE,12784
THORNWOOD,10594
TILLSON,12486
TIVOLI,12583
TOMKINS COVE,10986
TUXEDO PARK,10987
ULSTER PARK,12487
UNIONVILLE,10988
VAILS GATE,12584
VALHALLA,10595
VALLEY COTTAGE,10989
VERBANK,12585
VERPLANCK,10596
WACCABUC,10597
WALDEN,12586
WALKER VALLEY,12588
WALLKILL,12589
WAPPINGERS FALLS,12590
WARWICK,10990
WASHINGTONVILLE,10992
WASSAIC,12592
WAWARSING,12489
WEST CAMP,12490
WEST HAVERSTRAW,10993
WEST HURLEY,12491
WEST KILL,12492
WEST NYACK,10994
WEST PARK,12493
WEST POINT,10996
WEST SHOKAN,12494
WESTTOWN,10998
WHITE LAKE,12786
WHITE PLAINS,10601
WEST HARRISON,10604
WHITE SULPHUR SPRINGS,12787
WILLOW,12495
WINDHAM,12496
WINGDALE,12594
WOODBOURNE,12788
WOODRIDGE,12789
WOODSTOCK,12498
WURTSBORO,12790
YONKERS,10701
HASTINGS ON HUDSON,10706
TUCKAHOE,10707
BRONXVILLE,10708
EASTCHESTER,10709
YORKTOWN HEIGHTS,10598
YOUNGSVILLE,12791
YULAN,12792
BROOKLYN,11201
INWOOD,11096
FAR ROCKAWAY,11690
ARVERNE,11692
ROCKAWAY PARK,11694
BREEZY POINT,11697
FLORAL PARK,11001
ELMONT,11003
GLEN OAKS,11004
FLUSHING,11351
COLLEGE POINT,11356
WHITESTONE,11357
BAYSIDE,11359
LITTLE NECK,11362
OAKLAND GARDENS,11364
FRESH MEADOWS,11365
CORONA,11368
EAST ELMHURST,11369
JACKSON HEIGHTS,11372
ELMHURST,11373
REGO PARK,11374
FOREST HILLS,11375
WOODSIDE,11377
MASPETH,11378
MIDDLE VILLAGE,11379
RIDGEWOOD,11385
FRANKLIN SQUARE,11010
GREAT NECK,11020
JAMAICA,11405
CAMBRIA HEIGHTS,11411
SAINT ALBANS,11412
SPRINGFIELD GARDENS,11413
HOWARD BEACH,11414
KEW GARDENS,11415
OZONE PARK,11416
RICHMOND HILL,11418
SOUTH RICHMOND HILL,11419
SOUTH OZONE PARK,11420
WOODHAVEN,11421
ROSEDALE,11422
HOLLIS,11423
BELLEROSE,11426
QUEENS VILLAGE,11427
LONG ISLAND CITY,11101
ASTORIA,11102
SUNNYSIDE,11104
MANHASSET,11030
NEW HYDE PARK,11040
PORT WASHINGTON,11050
STATEN ISLAND,10301
ALBERTSON,11507
AMAGANSETT,11930
AMITYVILLE,11701
AQUEBOGUE,11931
ATLANTIC BEACH,11509
BABYLON,11702
NORTH BABYLON,11703
WEST BABYLON,11704
BALDWIN,11510
BAYPORT,11705
BAY SHORE,11706
BAYVILLE,11709
BELLMORE,11710
BELLPORT,11713
BETHPAGE,11714
BLUE POINT,11715
BOHEMIA,11716
BRENTWOOD,11717
BRIDGEHAMPTON,11932
BRIGHTWATERS,11718
BROOKHAVEN,11719
CALVERTON,11933
CARLE PLACE,11514
CEDARHURST,11516
CENTEREACH,11720
CENTER MORICHES,11934
CENTERPORT,11721
CENTRAL ISLIP,11722
ISLANDIA,11749
COLD SPRING HARBOR,11724
COMMACK,11725
COPIAGUE,11726
CORAM,11727
CUTCHOGUE,11935
DEER PARK,11729
EAST HAMPTON,11937
EAST ISLIP,11730
EAST MARION,11939
EAST MEADOW,11554
EAST MORICHES,11940
EAST NORTHPORT,11731
EAST NORWICH,11732
EASTPORT,11941
EAST QUOGUE,11942
EAST ROCKAWAY,11518
EAST SETAUKET,11733
FARMINGDALE,11735
FARMINGVILLE,11738
FREEPORT,11520
GARDEN CITY,11530
GLEN COVE,11542
GLEN HEAD,11545
GLENWOOD LANDING,11547
GREAT RIVER,11739
GREENLAWN,11740
GREENPORT,11944
GREENVALE,11548
HAMPTON BAYS,11946
HEMPSTEAD,11549
HEWLETT,11557
HICKSVILLE,11801
PLAINVIEW,11803
OLD BETHPAGE,11804
HOLBROOK,11741
HOLTSVILLE,501
HUNTINGTON,11743
HUNTINGTON STATION,11746
MELVILLE,11747
ISLAND PARK,11558
ISLIP,11751
ISLIP TERRACE,11752
JAMESPORT,11947
JERICHO,11753
KINGS PARK,11754
LAKE GROVE,11755
LAUREL,11948
LAWRENCE,11559
LEVITTOWN,11756
LINDENHURST,11757
LOCUST VALLEY,11560
LONG BEACH,11561
LYNBROOK,11563
MALVERNE,11565
MANORVILLE,11949
MASSAPEQUA,11758
MASSAPEQUA PARK,11762
MASTIC,11950
MASTIC BEACH,11951
MATTITUCK,11952
MEDFORD,11763
MERRICK,11566
MIDDLE ISLAND,11953
MILLER PLACE,11764
MILL NECK,11765
MINEOLA,11501
MONTAUK,11954
MORICHES,11955
MOUNT SINAI,11766
NESCONSET,11767
NEW SUFFOLK,11956
NORTHPORT,11768
OAKDALE,11769
OCEAN BEACH,11770
ORIENT,11957
OYSTER BAY,11771
PATCHOGUE,11772
PECONIC,11958
POINT LOOKOUT,11569
PORT JEFFERSON STATION,11776
PORT JEFFERSON,11777
QUOGUE,11959
REMSENBURG,11960
RIDGE,11961
RIVERHEAD,11901
ROCKVILLE CENTRE,11570
OCEANSIDE,11572
ROCKY POINT,11778
RONKONKOMA,11779
ROOSEVELT,11575
ROSLYN,11576
ROSLYN HEIGHTS,11577
SAGAPONACK,11962
SAG HARBOR,11963
SAINT JAMES,11780
SAYVILLE,11782
SEA CLIFF,11579
SEAFORD,11783
SELDEN,11784
SHELTER ISLAND,11964
SHELTER ISLAND HEIGHTS,11965
SHIRLEY,11967
SHOREHAM,11786
SMITHTOWN,11787
HAUPPAUGE,11788
SOUND BEACH,11789
SOUTHAMPTON,11968
SOUTH JAMESPORT,11970
SOUTHOLD,11971
SPEONK,11972
STONY BROOK,11790
SYOSSET,11773
UNIONDALE,11553
UPTON,11973
VALLEY STREAM,11580
WADING RIVER,11792
WAINSCOTT,11975
WANTAGH,11793
WATER MILL,11976
OLD WESTBURY,11568
WESTBURY,11590
WESTHAMPTON,11977
WESTHAMPTON BEACH,11978
WEST HEMPSTEAD,11552
WEST ISLIP,11795
WEST SAYVILLE,11796
WILLISTON PARK,11596
WOODBURY,11797
WOODMERE,11598
WYANDANCH,11798
YAPHANK,11980
ADAMS,13605
ADAMS CENTER,13606
ADIRONDACK,12808
AFTON,13730
ALBANY,12201
ALCOVE,12007
ALDER CREEK,13301
ALEXANDRIA BAY,13607
ALTAMONT,12009
ALTMAR,13302
ALTONA,12910
AMSTERDAM,12010
ANDES,13731
BOVINA CENTER,13740
ANTWERP,13608
OXBOW,13671
APALACHIN,13732
APULIA STATION,13020
ARGYLE,12809
ATHENS,12015
ATHOL,12810
AUBURN,13021
AURORA,13026
AU SABLE FORKS,12912
AUSTERLITZ,12017
AVA,13303
AVERILL PARK,12018
BAINBRIDGE,13733
BAKERS MILLS,12811
BALDWINSVILLE,13027
BALLSTON SPA,12020
BARNEVELD,13304
BARTON,13734
SMITHBORO,13840
BEAVER FALLS,13305
BELLEVILLE,13611
BERKSHIRE,13736
BERLIN,12022
BERNE,12023
BERNHARDS BAY,13028
BIBLE SCHOOL PARK,13737
BINGHAMTON,13901
BLACK RIVER,13612
BLODGETT MILLS,13738
BLOOMINGDALE,12913
BLOOMVILLE,13739
BLOSSVALE,13308
MC CONNELLSVILLE,13401
BLUE MOUNTAIN LAKE,12812
BOLTON LANDING,12814
BOMBAY,12914
BOONVILLE,13309
BOUCKVILLE,13310
BRAINARD,12024
BRAINARDSVILLE,12915
BRANT LAKE,12815
BRASHER FALLS,13613
BREWERTON,13029
BRIDGEPORT,13030
BRIDGEWATER,13313
BRIER HILL,13614
BROADALBIN,12025
BROOKFIELD,13314
NORTH BROOKFIELD,13418
BROWNVILLE,13615
BRUSHTON,12916
BURKE,12917
BURLINGTON FLATS,13315
GARRATTSVILLE,13342
NEW LISBON,13415
BALLSTON LAKE,12019
BURNT HILLS,12027
CADYVILLE,12918
CALCIUM,13616
CAMBRIDGE,12816
CAMDEN,13316
CAMILLUS,13031
CANAAN,12029
CANAJOHARIE,13317
CANASTOTA,13032
CANDOR,13743
CANTON,13617
CAPE VINCENT,13618
CARLISLE,12031
CAROGA LAKE,12032
CARTHAGE,13619
DENMARK,13631
CASSVILLE,13318
CASTLE CREEK,13744
CASTLETON ON HUDSON,12033
CASTORLAND,13620
CATO,13033
CAYUGA,13034
CAZENOVIA,13035
CENTRAL BRIDGE,12035
CENTRAL SQUARE,13036
CHADWICKS,13319
CHAMPLAIN,12919
CHARLOTTEVILLE,12036
CHASE MILLS,13621
CHATEAUGAY,12920
CHATHAM,12037
CHAUMONT,13622
CHAZY,12921
CHENANGO BRIDGE,13745
CHENANGO FORKS,13746
CHERRY PLAIN,12040
CHERRY VALLEY,13320
ROSEBOOM,13450
CHESTERTOWN,12817
CHILDWOLD,12922
CHIPPEWA BAY,13623
CHITTENANGO,13037
CHURUBUSCO,12923
CINCINNATUS,13040
CLARK MILLS,13321
CLARKSVILLE,12041
CICERO,13039
CLAY,13041
CLAYTON,13624
CLAYVILLE,13322
CLEMONS,12819
CLEVELAND,13042
CLEVERDALE,12820
CLIFTON PARK,12065
CLIMAX,12042
CLINTON,13323
CLOCKVILLE,13043
COBLESKILL,12043
COEYMANS,12045
COEYMANS HOLLOW,12046
COHOES,12047
COLD BROOK,13324
COLLIERSVILLE,13747
COLTON,13625
COLUMBIAVILLE,12050
COMSTOCK,12821
CONKLIN,13748
CONSTABLE,12926
CONSTABLEVILLE,13325
CONSTANTIA,13044
COOPERSTOWN,13326
COPENHAGEN,13626
DEER RIVER,13627
CORBETTSVILLE,13749
CORINTH,12822
CORTLAND,13045
COSSAYUNA,12823
COXSACKIE,12051
WEST COXSACKIE,12192
CRANBERRY LAKE,12927
CROGHAN,13327
CROPSEYVILLE,12052
CROWN POINT,12928
DANNEMORA,12929
DAVENPORT,13750
DAVENPORT CENTER,13751
DEANSBORO,13328
DEFERIET,13628
DE KALB JUNCTION,13630
DELANSON,12053
DELANCEY,13752
DELHI,13753
DELMAR,12054
DELPHI FALLS,13051
DEPAUVILLE,13632
DE PEYSTER,13633
DEPOSIT,13754
DE RUYTER,13052
DEXTER,13634
LIMERICK,13657
DIAMOND POINT,12824
DICKINSON CENTER,12930
DOLGEVILLE,13329
DOWNSVILLE,13755
DRYDEN,13053
DUANESBURG,12056
DURHAMVILLE,13054
EAGLE BAY,13331
BUSKIRK,12028
EAGLE BRIDGE,12057
EARLTON,12058
SURPRISE,12176
EARLVILLE,13332
EAST BERNE,12059
EAST BRANCH,13756
EAST CHATHAM,12060
EAST GREENBUSH,12061
EAST MEREDITH,13757
EAST NASSAU,12062
EAST SCHODACK,12063
EAST SYRACUSE,13057
EAST WORCESTER,12064
EATON,13334
EDMESTON,13335
EDWARDS,13635
ELBRIDGE,13060
ELIZABETHTOWN,12932
ELLENBURG,12933
ELLENBURG CENTER,12934
ELLENBURG DEPOT,12935
ELLISBURG,13636
ENDICOTT,13760
ENDWELL,13762
ERIEVILLE,13061
ESPERANCE,12066
ESSEX,12936
ETNA,13062
EVANS MILLS,13637
FABIUS,13063
FAIR HAVEN,13064
FAYETTE,13065
FAYETTEVILLE,13066
FELTS MILLS,13638
FEURA BUSH,12067
FINE,13639
WELLESLEY ISLAND,13640
THOUSAND ISLAND PARK,13692
FISHERS LANDING,13641
FISHS EDDY,13774
FLY CREEK,13337
FONDA,12068
FORESTPORT,13338
FORT ANN,12827
FORT COVINGTON,12937
FORT EDWARD,12828
FORT HUNTER,12069
FORT JOHNSON,12070
FORT PLAIN,13339
FRANKFORT,13340
FRANKLIN,13775
TREADWELL,13846
FRANKLIN SPRINGS,13341
FREEVILLE,13068
FULTON,13069
FULTONHAM,12071
AURIESVILLE,12016
FULTONVILLE,12072
GABRIELS,12939
GALLUPVILLE,12073
GALWAY,12074
GANSEVOORT,12831
GENOA,13071
GEORGETOWN,13072
GHENT,12075
GILBERTSVILLE,13776
GILBOA,12076
GLEN AUBREY,13777
BRANTINGHAM,13312
GLENFIELD,13343
GREIG,13345
GLENMONT,12077
GLENS FALLS,12801
SOUTH GLENS FALLS,12803
QUEENSBURY,12804
GLOVERSVILLE,12078
GOUVERNEUR,13642
GRAFTON,12082
GRANVILLE,12832
GREAT BEND,13643
GREENE,13778
GREENFIELD CENTER,12833
GREENVILLE,12083
GREENWICH,12834
GROTON,13073
GUILDERLAND,12084
GUILDERLAND CENTER,12085
GUILFORD,13780
HADLEY,12835
HAGAMAN,12086
HAGUE,12836
HAILESBORO,13645
HAMDEN,13782
HAMILTON,13346
HAMMOND,13646
HAMPTON,12837
HANCOCK,13783
HANNACROIX,12087
HANNAWA FALLS,13647
HANNIBAL,13074
HARPERSFIELD,13786
HARPURSVILLE,13787
OUAQUAGA,13826
HARRISVILLE,13648
HARTFORD,12838
HARTWICK,13348
HASTINGS,13076
HELENA,13649
HENDERSON,13650
HENDERSON HARBOR,13651
HERKIMER,13350
HERMON,13652
HEUVELTON,13654
HINCKLEY,13352
HOBART,13788
HOFFMEISTER,13353
HOGANSBURG,13655
HOLLAND PATENT,13354
HOMER,13077
HOOSICK,12089
HOOSICK FALLS,12090
HOWES CAVE,12092
HUBBARDSVILLE,13355
HUDSON FALLS,12839
HULETTS LANDING,12841
ILION,13357
INDIAN LAKE,12842
INLET,13360
JAMESVILLE,13078
JAY,12941
JEFFERSON,12093
JOHNSBURG,12843
JOHNSON CITY,13790
JOHNSONVILLE,12094
JOHNSTOWN,12095
JORDAN,13080
JORDANVILLE,13361
KATTSKILL BAY,12844
KEENE,12942
KEENE VALLEY,12943
KEESEVILLE,12911
KILLAWOG,13794
KINDERHOOK,12106
KING FERRY,13081
KIRKVILLE,13082
KIRKWOOD,13795
KNOX,12107
KNOXBORO,13362
LACONA,13083
LA FARGEVILLE,13656
LA FAYETTE,13084
LAKE CLEAR,12945
LAKE GEORGE,12845
LAKE LUZERNE,12846
LAKE PLACID,12946
LAKE PLEASANT,12108
LATHAM,12110
NEWTONVILLE,12128
LAURENS,13796
LEE CENTER,13363
LEONARDSVILLE,13364
LEWIS,12950
LISBON,13658
LISLE,13797
LITTLE FALLS,13365
LITTLE YORK,13087
LIVERPOOL,13088
LOCKE,13092
LONG LAKE,12847
LORRAINE,13659
LOWVILLE,13367
LYCOMING,13093
LYON MOUNTAIN,12952
LYONS FALLS,13368
EAST PHARSALIA,13758
MC DONOUGH,13801
MC GRAW,13101
MC LEAN,13102
MADISON,13402
SOLSVILLE,13465
MADRID,13660
MAINE,13802
MALDEN BRIDGE,12115
MALLORY,13103
MALONE,12953
WHIPPLEVILLE,12995
MANLIUS,13104
MANNSVILLE,13661
MARATHON,13803
MARCELLUS,13108
MARCY,13403
MARIETTA,13110
MARTINSBURG,13404
MARTVILLE,13111
MARYLAND,12116
MASONVILLE,13804
MASSENA,13662
MAYFIELD,12117
MECHANICVILLE,12118
MEDUSA,12120
MELROSE,12121
MEMPHIS,13112
MERIDALE,13806
MERIDIAN,13113
MEXICO,13114
MIDDLEBURGH,12122
MIDDLE FALLS,12848
MIDDLE GRANVILLE,12849
MIDDLE GROVE,12850
MIDDLEVILLE,13406
MILFORD,13807
MINERVA,12851
MINETTO,13115
MINEVILLE,12956
WITHERBEE,12998
MINOA,13116
MOHAWK,13407
MOIRA,12957
MONTEZUMA,13117
MOOERS,12958
MOOERS FORKS,12959
MORAVIA,13118
MORIAH,12960
MORIAH CENTER,12961
MORRIS,13808
MORRISONVILLE,12962
MORRISTOWN,13664
MORRISVILLE,13408
MOUNT UPTON,13809
MOUNT VISION,13810
MUNNSVILLE,13409
NASSAU,12123
NATURAL BRIDGE,13665
NEDROW,13120
NELLISTON,13410
NEWARK VALLEY,13811
NEW BALTIMORE,12124
NEW BERLIN,13411
NEWCOMB,12852
NEW HARTFORD,13413
NEW HAVEN,13121
NEW LEBANON,12125
NEWPORT,13416
NEW RUSSIA,12964
NEWTON FALLS,13666
NEW WOODSTOCK,13122
NEW YORK MILLS,13417
NICHOLS,13812
NICHOLVILLE,12965
NINEVEH,13813
NIVERVILLE,12130
NORFOLK,13667
NORTH BANGOR,12966
NORTH BAY,13123
NORTH BLENHEIM,12131
NORTH CHATHAM,12132
NORTH CREEK,12853
NORTH GRANVILLE,12854
NORTH HOOSICK,12133
NORTH HUDSON,12855
LAWRENCEVILLE,12949
NORTH LAWRENCE,12967
NORTH NORWICH,13814
NORTH PITCHER,13124
NORTH RIVER,12856
NORTHVILLE,12134
NORWICH,13815
NORWOOD,13668
OGDENSBURG,13669
OLD CHATHAM,12136
OLD FORGE,13420
THENDARA,13472
OLMSTEDVILLE,12857
ONEIDA,13421
ONEONTA,13820
ORISKANY,13424
ORISKANY FALLS,13425
ORWELL,13426
OSWEGO,13126
OTEGO,13825
OWEGO,13827
OWLS HEAD,12969
OXFORD,13830
PALATINE BRIDGE,13428
MAPLE VIEW,13107
PARISH,13131
PARISHVILLE,13672
PATTERSONVILLE,12137
PAUL SMITHS,12970
PENNELLVILLE,13132
PERU,12972
PETERBORO,13134
PETERSBURG,12138
PHILADELPHIA,13673
PHOENIX,13135
PIERCEFIELD,12973
PIERREPONT MANOR,13674
PISECO,12139
PITCHER,13136
PLAINVILLE,13137
PLATTSBURGH,12901
PLYMOUTH,13832
POESTENKILL,12140
POLAND,13431
POMPEY,13138
POPLAR RIDGE,13139
PORT BYRON,13140
PORT CRANE,13833
PORTER CORNERS,12859
PORT HENRY,12974
PORT KENT,12975
PORTLANDVILLE,13834
PORT LEYDEN,13433
POTSDAM,13676
POTTERSVILLE,12860
PREBLE,13141
PROSPECT,13435
PULASKI,13142
PUTNAM STATION,12861
PYRITES,13677
QUAKER STREET,12141
RAINBOW LAKE,12976
RAQUETTE LAKE,13436
RAVENA,12143
RAY BROOK,12977
RAYMONDVILLE,13678
RED CREEK,13143
REDFIELD,13437
REDFORD,12978
REDWOOD,13679
REMSEN,13438
RENSSELAER,12144
RENSSELAER FALLS,13680
RENSSELAERVILLE,12147
REXFORD,12148
EAST SPRINGFIELD,13333
RICHFIELD SPRINGS,13439
HARFORD,13784
RICHFORD,13835
RICHLAND,13144
RICHMONDVILLE,12149
RICHVILLE,13681
RIPARIUS,12862
ROCK CITY FALLS,12863
RODMAN,13682
ROME,13440
ROOSEVELTOWN,13683
ROTTERDAM JUNCTION,12150
ROUND LAKE,12151
ROUSES POINT,12979
RUSSELL,13684
SABAEL,12864
SACKETS HARBOR,13685
SAINT JOHNSVILLE,13452
SAINT REGIS FALLS,12980
SALEM,12865
SALISBURY CENTER,13454
SAND LAKE,12153
SANDY CREEK,13145
SANGERFIELD,13455
SARANAC,12981
SARANAC LAKE,12983
SARATOGA SPRINGS,12866
SAUQUOIT,13456
SAVANNAH,13146
SCHAGHTICOKE,12154
ALPLAUS,12008
SCHENECTADY,12301
SCHENEVUS,12155
SCHODACK LANDING,12156
SCHOHARIE,12157
SCHROON LAKE,12870
SCHUYLER FALLS,12985
SCHUYLER LAKE,13457
SCHUYLERVILLE,12871
SCIPIO CENTER,13147
SELKIRK,12158
SENECA FALLS,13148
SEVERANCE,12872
SHARON SPRINGS,13459
SHERBURNE,13460
SHERRILL,13461
SHUSHAN,12873
SIDNEY,13838
SIDNEY CENTER,13839
SILVER BAY,12874
SKANEATELES,13152
MOTTVILLE,13119
SKANEATELES FALLS,13153
SLINGERLANDS,12159
SLOANSVILLE,12160
SMITHVILLE FLATS,13841
SMYRNA,13464
SOUTH BETHLEHEM,12161
SOUTH BUTLER,13154
SOUTH COLTON,13687
SOUTH KORTRIGHT,13842
SOUTH NEW BERLIN,13843
SOUTH OTSELIC,13155
SOUTH PLYMOUTH,13844
SPECULATOR,12164
SPENCERTOWN,12165
SPRAKERS,12166
SPRINGFIELD CENTER,13468
STAMFORD,12167
OSWEGATCHIE,13670
STAR LAKE,13690
STEPHENTOWN,12168
STERLING,13156
STILLWATER,12170
STITTVILLE,13469
STONY CREEK,12878
STOTTVILLE,12172
STRATFORD,13470
STUYVESANT,12173
STUYVESANT FALLS,12174
SUMMIT,12175
SYLVAN BEACH,13157
SYRACUSE,13201
TABERG,13471
PLESSIS,13675
THERESA,13691
THREE MILE BAY,13693
PARADOX,12858
TICONDEROGA,12883
TIOGA CENTER,13845
TRIBES HILL,12177
TROUT CREEK,13847
TROY,12180
EAST HOMER,13056
TRUXTON,13158
TULLY,13159
TUNNEL,13848
TUPPER LAKE,12986
TURIN,13473
UNADILLA,13849
UNION SPRINGS,13160
UPPER JAY,12987
UTICA,13501
VALATIE,12184
VALLEY FALLS,12185
VAN HORNESVILLE,13475
VERMONTVILLE,12989
VERNON,13476
VERNON CENTER,13477
VERONA,13478
VERONA BEACH,13162
VESTAL,13850
VICTORY MILLS,12884
VOORHEESVILLE,12186
WADDINGTON,13694
WALTON,13856
WAMPSVILLE,13163
WANAKENA,13695
WARNERS,13164
WARNERVILLE,12187
WARRENSBURG,12885
WASHINGTON MILLS,13479
WATERFORD,12188
WATERLOO,13165
WATERTOWN,13601
FORT DRUM,13602
WATERVILLE,13480
WATERVLIET,12189
WEEDSPORT,13166
WELLS,12190
WELLS BRIDGE,13859
WEST BURLINGTON,13482
WEST CHAZY,12992
WESTDALE,13483
WEST DAVENPORT,13860
WEST EATON,13484
WEST EDMESTON,13485
DORMANSVILLE,12055
WESTERLO,12193
WESTERNVILLE,13486
WESTFORD,13488
WEST FULTON,12194
WEST LEBANON,12195
WEST LEYDEN,13489
WEST MONROE,13167
WESTMORELAND,13490
WEST ONEONTA,13861
WESTPORT,12993
WEST SAND LAKE,12196
WEST STOCKHOLM,13696
WEST WINFIELD,13491
WEVERTOWN,12886
WHITEHALL,12887
WHITESBORO,13492
WHITNEY POINT,13862
WILLET,13863
WILLIAMSTOWN,13493
WILLSBORO,12996
WILLSEYVILLE,13864
WILMINGTON,12997
WINDSOR,13865
WINTHROP,13697
WOODGATE,13494
WORCESTER,12197
WYNANTSKILL,12198
YORKVILLE,13495
ADAMS BASIN,14410
ADDISON,14801
AKRON,14001
ALBION,14411
KNOWLESVILLE,14479
ALDEN,14004
ALEXANDER,14005
ALFRED,14802
ALFRED STATION,14803
ALLEGANY,14706
ALLENTOWN,14707
ALMA,14708
ALMOND,14804
ALPINE,14805
ALTON,14413
ANDOVER,14806
ANGELICA,14709
ANGOLA,14006
APPLETON,14008
ARCADE,14009
ARKPORT,14807
ASHVILLE,14710
ATHOL SPRINGS,14010
ATLANTA,14808
ATTICA,14011
COWLESVILLE,14037
AVOCA,14809
AVON,14414
BARKER,14012
BASOM,14013
BATAVIA,14020
BATH,14810
BEAVER DAMS,14812
BELFAST,14711
BELLONA,14415
BELMONT,14813
BEMUS POINT,14712
BERGEN,14416
BIG FLATS,14814
BLACK CREEK,14714
BLISS,14024
BOLIVAR,14715
BOSTON,14025
BOWMANSVILLE,14026
BRADFORD,14815
BRANT,14027
BREESPORT,14816
BROCKPORT,14420
BROCTON,14716
BROOKTONDALE,14817
BUFFALO,14201
BURDETT,14818
BYRON,14422
CALEDONIA,14423
CAMERON,14819
CAMERON MILLS,14820
CAMPBELL,14821
CANANDAIGUA,14424
FARMINGTON,14425
CANASERAGA,14822
CANEADEA,14717
CANISTEO,14823
CASSADAGA,14718
CASTILE,14427
CATTARAUGUS,14719
CAYUTA,14824
CELORON,14720
CENTERVILLE,14029
CERES,14721
CHAFFEE,14030
CHAUTAUQUA,14722
CHEMUNG,14825
CHERRY CREEK,14723
CHURCHVILLE,14428
CLARENCE,14031
CLARENCE CENTER,14032
CLARENDON,14429
CLARKSON,14430
CLIFTON SPRINGS,14432
CLYDE,14433
CLYMER,14724
COHOCTON,14826
COLDEN,14033
COLLINS,14034
COLLINS CENTER,14035
CONESUS,14435
CONEWANGO VALLEY,14726
LEON,14751
COOPERS PLAINS,14827
CORFU,14036
CORNING,14830
CRITTENDEN,14038
CUBA,14727
DALE,14039
DALTON,14836
DANSVILLE,14437
DARIEN CENTER,14040
DAYTON,14041
DELEVAN,14042
DEPEW,14043
DERBY,14047
DEWITTVILLE,14728
MAPLE SPRINGS,14756
DRESDEN,14441
DUNDEE,14837
DUNKIRK,14048
VAN BUREN POINT,14166
EAST AMHERST,14051
EAST AURORA,14052
EAST BETHANY,14054
EAST CONCORD,14055
EAST OTTO,14729
EAST PEMBROKE,14056
EAST RANDOLPH,14730
EAST ROCHESTER,14445
EAST WILLIAMSON,14449
EDEN,14057
ELBA,14058
ELLICOTTVILLE,14731
ELLINGTON,14732
ELMA,14059
ELMIRA,14901
ERIN,14838
FAIRPORT,14450
FALCONER,14733
FANCHER,14452
FARMERSVILLE STATION,14060
FARNHAM,14061
FILLMORE,14735
FINDLEY LAKE,14736
FISHERS,14453
FORESTVILLE,14062
FRANKLINVILLE,14737
FREDONIA,14063
FREEDOM,14065
SANDUSKY,14133
FREWSBURG,14738
FRIENDSHIP,14739
GAINESVILLE,14066
GASPORT,14067
GENESEO,14454
GENEVA,14456
GERRY,14740
GETZVILLE,14068
GLENWOOD,14069
GORHAM,14461
GOWANDA,14070
GRAND ISLAND,14072
GREAT VALLEY,14741
GREENHURST,14742
GREENWOOD,14839
GROVELAND,14462
SCOTTSBURG,14545
HALL,14463
HAMBURG,14075
HAMLIN,14464
HAMMONDSPORT,14840
HECTOR,14841
HEMLOCK,14466
HENRIETTA,14467
HILTON,14468
HIMROD,14842
HINSDALE,14743
EAST BLOOMFIELD,14443
BLOOMFIELD,14469
HOLLAND,14080
HOLLEY,14470
HONEOYE,14471
HONEOYE FALLS,14472
HORNELL,14843
HORSEHEADS,14845
HOUGHTON,14744
HUME,14745
HUNT,14846
INTERLAKEN,14847
IONIA,14475
IRVING,14081
ITHACA,14850
LANSING,14882
JACKSONVILLE,14854
JAMESTOWN,14701
JASPER,14855
JAVA CENTER,14082
JAVA VILLAGE,14083
KANONA,14856
KENDALL,14476
KENNEDY,14747
KENT,14477
BRANCHPORT,14418
KEUKA PARK,14478
KILL BUCK,14748
LAKEMONT,14857
LAKE VIEW,14085
LAKEVILLE,14480
LAKEWOOD,14750
LANCASTER,14086
LAWTONS,14091
LEICESTER,14481
LE ROY,14482
LEWISTON,14092
STELLA NIAGARA,14144
LILY DALE,14752
LIMA,14485
LIMESTONE,14753
LINDLEY,14858
LITTLE GENESEE,14754
LITTLE VALLEY,14755
LIVONIA,14487
SOUTH LIMA,14558
LIVONIA CENTER,14488
LOCKPORT,14094
LOCKWOOD,14859
LODI,14860
LOWMAN,14861
LYNDONVILLE,14098
LYONS,14489
MACEDON,14502
MACHIAS,14101
MANCHESTER,14504
MARILLA,14102
MARION,14505
MAYVILLE,14757
MECKLENBURG,14863
MEDINA,14103
MENDON,14506
MIDDLEPORT,14105
MIDDLESEX,14507
MILLPORT,14864
MODEL CITY,14107
MONTOUR FALLS,14865
MORTON,14508
MOUNT MORRIS,14510
MUMFORD,14511
NAPLES,14512
NEWARK,14513
BURT,14028
NEWFANE,14108
NEWFIELD,14867
NIAGARA FALLS,14301
NIAGARA UNIVERSITY,14109
NIOBE,14758
NORTH BOSTON,14110
NORTH CHILI,14514
NORTH COLLINS,14111
NORTH EVANS,14112
NORTH GREECE,14515
NORTH JAVA,14113
NORTH ROSE,14516
NORTH TONAWANDA,14120
NUNDA,14517
OAKFIELD,14125
OAKS CORNERS,14518
ODESSA,14869
OLCOTT,14126
OLEAN,14760
ONTARIO,14519
ONTARIO CENTER,14520
ORCHARD PARK,14127
OTTO,14766
OVID,14521
PAINTED POST,14870
PALMYRA,14522
PANAMA,14767
LINWOOD,14486
PAVILION,14525
PENFIELD,14526
PENN YAN,14527
PERKINSVILLE,14529
PERRY,14530
PERRYSBURG,14129
PHELPS,14532
PIFFARD,14533
PIKE,14130
PINE CITY,14871
PINE VALLEY,14872
PITTSFORD,14534
PORTAGEVILLE,14536
PORT GIBSON,14537
PORTLAND,14769
PORTVILLE,14770
PRATTSBURGH,14873
PULTENEY,14874
PULTNEYVILLE,14538
RANDOLPH,14772
RANSOMVILLE,14131
READING CENTER,14876
RETSOF,14539
REXVILLE,14877
RICHBURG,14774
RIPLEY,14775
ROCHESTER,14602
ROCK STREAM,14878
ROMULUS,14541
ROSE,14542
RUSH,14543
RUSHFORD,14777
RUSHVILLE,14544
SAINT BONAVENTURE,14778
SALAMANCA,14779
SANBORN,14132
SARDINIA,14134
SAVONA,14879
SCIO,14880
SCOTTSVILLE,14546
SENECA CASTLE,14547
SHERIDAN,14135
SHERMAN,14781
SHORTSVILLE,14548
SILVER CREEK,14136
SILVER LAKE,14549
SILVER SPRINGS,14550
SINCLAIRVILLE,14782
SLATERVILLE SPRINGS,14881
SODUS,14551
SODUS POINT,14555
SONYEA,14556
SOUTH BYRON,14557
SOUTH DAYTON,14138
SOUTH WALES,14139
SPENCER,14883
SPENCERPORT,14559
SPRING BROOK,14140
SPRINGVILLE,14141
SPRINGWATER,14560
STAFFORD,14143
STANLEY,14561
STEAMBURG,14783
STOCKTON,14784
STOW,14785
STRYKERSVILLE,14145
SWAIN,14884
TONAWANDA,14150
TROUPSBURG,14885
TRUMANSBURG,14886
TYRONE,14887
UNION HILL,14563
VAN ETTEN,14889
VARYSBURG,14167
VERSAILLES,14168
VICTOR,14564
WALES CENTER,14169
WALWORTH,14568
WARSAW,14569
WATERPORT,14571
WATKINS GLEN,14891
WAVERLY,14892
WAYLAND,14572
WAYNE,14893
WEBSTER,14580
WELLSBURG,14894
WELLSVILLE,14895
WEST BLOOMFIELD,14585
WEST CLARKSVILLE,14786
WEST FALLS,14170
WESTFIELD,14787
WEST HENRIETTA,14586
WESTONS MILLS,14788
WEST VALLEY,14171
WHITESVILLE,14897
WILLARD,14588
WILLIAMSON,14589
WILSON,14172
WOLCOTT,14590
WOODHULL,14898
WYOMING,14591
YORK,14592
YORKSHIRE,14173
YOUNGSTOWN,14174
ROCKVILLE CENTER,11592
WEST COPAKE,12593
SHINHOPPLE,13837
